Year,Reporting_Airline,Airline_Name,Total_Flights,OnTime_Flights,Delayed_Flights,Delay_Rate_Pct,Avg_Dep_Delay_Min,Avg_Arr_Delay_Min,Cancelled_Flights,Cancellation_Rate_Pct
2024,9E,9E,16972,12448,3771,23.25,20.76,21.71,706,4.16
2024,AA,AA,77346,53597,22292,29.37,25.32,26.67,1248,1.61
2024,AS,AS,17775,10500,3995,27.56,19.22,18.95,3119,17.55
2024,B6,B6,19580,13607,5565,29.03,22.87,23.62,334,1.71
2024,DL,DL,74384,59792,13930,18.9,14.66,15.02,478,0.64
2024,F9,F9,14379,10231,3814,27.16,23.27,24.35,311,2.16
2024,G4,G4,8596,6497,1869,22.34,21.36,22.52,193,2.25
2024,HA,HA,6576,4737,1738,26.84,12.05,14.05,96,1.46
2024,MQ,MQ,20750,14267,5473,27.73,17.91,20.22,932,4.49
2024,NK,NK,20415,14807,5274,26.26,17.95,18.2,303,1.48
2024,OH,OH,16526,11615,3924,25.25,22.91,24.27,944,5.71
2024,OO,OO,56814,41124,13082,24.13,23.38,24.29,2384,4.2
2024,UA,UA,58855,42344,11659,21.59,19.0,18.87,4714,8.01
2024,WN,WN,115389,85303,26310,23.57,13.93,13.31,3566,3.09
2024,YX,YX,22914,18091,3714,17.03,11.34,13.38,1061,4.63
