Dep_Hour,Total_Flights,Delayed_Flights,Delay_Probability_Pct,Avg_Delay_Minutes
0,758,150,19.79,17.61
1,361,91,25.21,24.47
2,131,31,23.66,12.91
3,125,33,26.4,16.34
4,59,8,13.56,12.52
5,14500,2150,14.83,17.1
6,39849,5797,14.55,13.99
7,37556,6190,16.48,14.27
8,36756,6842,18.61,14.46
9,31392,6108,19.46,15.06
10,35162,7637,21.72,17.44
11,34041,7606,22.34,17.62
12,33282,7850,23.59,19.43
13,34095,8378,24.57,20.25
14,32509,8370,25.75,20.72
15,32065,8661,27.01,21.64
16,32271,8779,27.2,21.87
17,34437,9569,27.79,23.16
18,34692,10012,28.86,24.03
19,28740,8216,28.59,23.37
20,22783,6379,28.0,23.44
21,17469,4506,25.79,23.57
22,10264,2257,21.99,19.52
23,3974,790,19.88,16.35
