Airport_Code,Airport_City,Airport_State,Total_Departures,Total_Arrivals,Dep_Delay_Rate_Pct,Arr_Delay_Rate_Pct,Avg_Dep_Delay_Min,Cancelled_Departures
ABE,"Allentown/Bethlehem/Easton, PA",PA,349,349,17.91,17.12,25.61,11
ABI,"Abilene, TX",TX,151,151,16.11,23.33,13.54,2
ABQ,"Albuquerque, NM",NM,1808,1807,17.81,21.34,13.42,33
ABR,"Aberdeen, SD",SD,61,61,17.54,10.53,14.56,4
ABY,"Albany, GA",GA,62,62,19.35,16.39,37.31,0
ACT,"Waco, TX",TX,93,93,25.58,22.99,37.31,7
ACV,"Arcata/Eureka, CA",CA,148,149,21.38,25.34,24.38,3
ACY,"Atlantic City, NJ",NJ,262,262,12.89,19.14,8.55,5
ADK,"Adak Island, AK",AK,9,9,33.33,16.67,9.83,3
ADQ,"Kodiak, AK",AK,56,57,30.19,25.0,18.66,3
AEX,"Alexandria, LA",LA,155,155,21.77,20.69,32.17,8
AGS,"Augusta, GA",GA,248,250,32.38,27.87,39.06,4
ALB,"Albany, NY",NY,863,864,20.45,28.1,14.8,22
ALW,"Walla Walla, WA",WA,62,62,14.29,20.0,17.02,13
AMA,"Amarillo, TX",TX,397,396,18.52,25.74,17.72,19
ANC,"Anchorage, AK",AK,1130,1130,25.71,32.88,19.4,102
APN,"Alpena, MI",MI,51,51,28.95,39.47,41.63,13
ASE,"Aspen, CO",CO,971,968,36.27,35.1,34.9,107
ATL,"Atlanta, GA",GA,26315,26294,20.73,20.76,14.64,272
ATW,"Appleton, WI",WI,461,461,24.19,30.57,32.71,27
AUS,"Austin, TX",TX,6692,6690,25.23,27.68,19.45,224
AVL,"Asheville, NC",NC,853,853,20.91,19.52,16.48,16
AVP,"Scranton/Wilkes-Barre, PA",PA,128,129,22.58,26.98,51.51,3
AZA,"Phoenix, AZ",AZ,511,511,15.29,21.53,16.0,11
AZO,"Kalamazoo, MI",MI,82,82,20.27,31.08,19.2,8
BDL,"Hartford, CT",CT,1602,1604,21.81,29.28,21.1,62
BET,"Bethel, AK",AK,60,60,37.93,27.59,22.29,2
BFF,"Scottsbluff, NE",NE,51,51,8.16,12.5,11.31,2
BFL,"Bakersfield, CA",CA,179,180,11.8,15.0,13.47,0
BGM,"Binghamton, NY",NY,32,32,7.41,33.33,13.33,5
BGR,"Bangor, ME",ME,240,241,16.13,21.62,13.11,23
BHM,"Birmingham, AL",AL,1306,1310,19.78,25.18,18.84,46
BIH,"Bishop, CA",CA,54,54,27.45,26.92,18.8,2
BIL,"Billings, MT",MT,278,277,17.52,20.8,15.61,4
BIS,"Bismarck/Mandan, ND",ND,277,277,22.47,18.8,37.03,10
BJI,"Bemidji, MN",MN,61,61,29.51,25.0,33.61,0
BLI,"Bellingham, WA",WA,204,205,17.91,19.12,22.37,2
BLV,"Belleville, IL",IL,60,60,24.14,22.41,20.71,2
BMI,"Bloomington/Normal, IL",IL,143,143,22.14,24.62,27.18,11
BNA,"Nashville, TN",TN,7556,7553,23.96,23.11,21.12,522
BOI,"Boise, ID",ID,1597,1594,19.25,23.77,15.91,27
BOS,"Boston, MA",MA,10134,10126,22.8,26.05,19.48,325
BPT,"Beaumont/Port Arthur, TX",TX,62,62,28.33,22.41,31.92,2
BQK,"Brunswick, GA",GA,62,62,33.87,43.55,29.97,0
BQN,"Aguadilla, PR",PR,229,227,19.74,27.88,18.68,1
BRD,"Brainerd, MN",MN,52,52,25.0,21.15,25.23,0
BRO,"Brownsville, TX",TX,111,111,18.52,18.52,11.52,3
BRW,"Barrow, AK",AK,30,30,40.91,31.82,40.73,8
BTM,"Butte, MT",MT,56,56,8.93,14.29,12.66,0
BTR,"Baton Rouge, LA",LA,385,387,26.78,29.3,25.86,16
BTV,"Burlington, VT",VT,525,526,19.0,26.89,23.66,24
BUF,"Buffalo, NY",NY,1579,1581,22.49,28.32,22.7,225
BUR,"Burbank, CA",CA,2330,2330,16.16,18.81,11.18,48
BWI,"Baltimore, MD",MD,7551,7552,31.39,22.45,18.25,274
BZN,"Bozeman, MT",MT,841,839,21.47,23.24,30.86,26
CAE,"Columbia, SC",SC,486,488,17.52,26.81,17.69,18
CAK,"Akron, OH",OH,269,270,20.62,33.86,21.95,12
CDC,"Cedar City, UT",UT,52,52,13.46,11.76,13.56,0
CDV,"Cordova, AK",AK,60,60,25.0,35.71,13.11,2
CHA,"Chattanooga, TN",TN,471,472,25.78,25.88,20.93,24
CHO,"Charlottesville, VA",VA,236,236,17.43,22.17,16.13,18
CHS,"Charleston, SC",SC,1753,1751,19.52,23.17,20.12,51
CID,"Cedar Rapids/Iowa City, IA",IA,586,586,33.27,29.01,50.9,63
CIU,"Sault Ste. Marie, MI",MI,61,61,27.78,32.08,61.67,6
CKB,"Clarksburg/Fairmont, WV",WV,15,15,13.33,20.0,86.0,0
CLE,"Cleveland, OH",OH,3107,3104,22.53,25.82,21.19,169
CLL,"College Station/Bryan, TX",TX,93,93,19.32,15.12,22.99,5
CLT,"Charlotte, NC",NC,16378,16382,26.63,23.92,20.31,301
CMH,"Columbus, OH",OH,3168,3169,16.92,24.08,12.97,89
CMI,"Champaign/Urbana, IL",IL,123,123,27.1,32.38,25.76,16
CMX,"Hancock/Houghton, MI",MI,61,61,22.92,20.83,22.92,13
CNY,"Moab, UT",UT,31,31,10.34,20.69,12.76,2
COS,"Colorado Springs, CO",CO,956,955,17.98,24.07,16.09,13
COU,"Columbia, MO",MO,131,131,26.13,25.45,27.21,20
CPR,"Casper, WY",WY,64,63,6.25,7.94,5.52,0
CRP,"Corpus Christi, TX",TX,317,317,19.35,23.95,18.08,7
CRW,"Charleston/Dunbar, WV",WV,260,261,32.79,32.23,46.39,15
CSG,"Columbus, GA",GA,82,82,26.25,36.25,41.13,2
CVG,"Cincinnati, OH",KY,3111,3112,17.4,22.7,15.84,74
CWA,"Mosinee, WI",WI,62,62,10.0,16.67,18.0,2
CYS,"Cheyenne, WY",WY,57,57,13.21,10.91,9.36,4
DAB,"Daytona Beach, FL",FL,201,201,14.14,18.09,19.22,2
DAL,"Dallas, TX",TX,6037,6037,26.96,23.24,14.68,213
DAY,"Dayton, OH",OH,577,578,17.58,22.82,18.55,14
DCA,"Washington, DC",VA,11486,11487,22.45,24.31,19.64,654
DDC,"Dodge City, KS",KS,52,53,11.63,13.95,31.93,8
DEC,"Decatur, IL",IL,83,83,21.43,26.09,55.43,13
DEN,"Denver, CO",CO,23361,23357,28.07,20.33,18.57,991
DFW,"Dallas/Fort Worth, TX",TX,23570,23588,29.77,30.98,23.0,654
DHN,"Dothan, AL",AL,62,62,16.13,29.03,31.48,0
DIK,"Dickinson, ND",ND,53,53,16.33,12.77,27.16,4
DLH,"Duluth, MN",MN,150,150,31.03,35.21,43.52,5
DRO,"Durango, CO",CO,273,273,20.0,21.48,26.21,3
DSM,"Des Moines, IA",IA,1252,1255,28.41,30.4,35.28,101
DTW,"Detroit, MI",MI,9473,9470,25.95,25.64,25.78,324
DVL,"Devils Lake, ND",ND,56,56,8.7,2.17,7.13,9
ECP,"Panama City, FL",FL,417,417,18.45,21.69,15.51,5
EGE,"Eagle, CO",CO,633,634,31.03,27.14,35.77,7
EKO,"Elko, NV",NV,31,31,10.0,10.0,11.87,1
ELM,"Elmira/Corning, NY",NY,76,76,41.33,33.78,83.92,1
ELP,"El Paso, TX",TX,1286,1283,16.96,22.19,12.98,22
ESC,"Escanaba, MI",MI,52,52,16.33,18.37,17.04,3
EUG,"Eugene, OR",OR,588,588,25.5,24.85,28.9,89
EVV,"Evansville, IN",IN,152,152,23.81,24.32,24.22,4
EWR,"Newark, NJ",NJ,10176,10179,20.48,17.91,15.9,706
EYW,"Key West, FL",FL,856,854,29.64,27.03,27.33,21
FAI,"Fairbanks, AK",AK,194,193,23.63,26.92,16.62,12
FAR,"Fargo, ND",ND,531,531,20.62,23.4,23.92,17
FAT,"Fresno, CA",CA,871,872,18.68,23.06,12.74,8
FAY,"Fayetteville, NC",NC,123,123,14.29,18.85,14.92,3
FCA,"Kalispell, MT",MT,249,250,24.03,21.03,28.54,16
FLG,"Flagstaff, AZ",AZ,110,110,15.45,16.36,21.52,0
FLL,"Fort Lauderdale, FL",FL,8460,8447,32.93,29.37,22.18,265
FNT,"Flint, MI",MI,159,160,22.37,33.12,24.01,7
FOD,"Fort Dodge, IA",IA,52,52,27.27,34.88,26.48,7
FSD,"Sioux Falls, SD",SD,570,570,26.46,23.36,23.4,22
FSM,"Fort Smith, AR",AR,93,93,28.05,25.0,47.51,11
FWA,"Fort Wayne, IN",IN,312,312,31.03,23.63,30.03,21
GCC,"Gillette, WY",WY,61,61,15.52,12.07,20.69,3
GCK,"Garden City, KS",KS,62,62,20.37,18.87,35.57,8
GEG,"Spokane, WA",WA,1288,1289,18.76,24.84,18.64,46
GFK,"Grand Forks, ND",ND,119,119,19.33,20.17,20.97,0
GGG,"Longview, TX",TX,61,61,17.24,15.52,16.55,3
GJT,"Grand Junction, CO",CO,277,277,17.15,21.9,19.64,3
GNV,"Gainesville, FL",FL,205,205,16.5,16.92,9.02,5
GPT,"Gulfport/Biloxi, MS",MS,234,234,20.09,23.01,22.63,5
GRB,"Green Bay, WI",WI,332,332,25.32,34.5,35.64,20
GRI,"Grand Island, NE",NE,81,81,27.63,17.11,35.97,5
GRK,"Killeen, TX",TX,129,129,25.0,22.5,19.99,9
GRR,"Grand Rapids, MI",MI,1569,1569,25.22,29.56,29.27,99
GSO,"Greensboro/High Point, NC",NC,915,917,14.91,20.38,16.86,22
GSP,"Greer, SC",SC,1207,1209,18.17,23.09,16.26,37
GTF,"Great Falls, MT",MT,217,217,19.72,19.25,28.5,4
GTR,"Columbus, MS",MS,62,62,17.86,21.43,23.7,6
GUC,"Gunnison, CO",CO,100,100,27.55,30.93,35.17,2
GUM,"Guam, TT",TT,62,62,4.84,9.68,7.73,0
HDN,"Hayden, CO",CO,418,418,24.22,23.23,25.04,1
HGR,"Hagerstown, MD",MD,17,17,29.41,17.65,14.35,0
HHH,"Hilton Head, SC",SC,62,62,14.04,15.79,9.16,5
HIB,"Hibbing, MN",MN,51,51,17.65,26.0,14.06,0
HLN,"Helena, MT",MT,161,161,23.72,21.15,39.37,5
HNL,"Honolulu, HI",HI,5169,5171,23.6,31.19,13.68,144
HOU,"Houston, TX",TX,4605,4606,25.72,24.41,15.97,95
HPN,"White Plains, NY",NY,1074,1076,26.02,26.63,27.27,36
HRL,"Harlingen/San Benito, TX",TX,338,337,18.02,19.58,13.95,4
HSV,"Huntsville, AL",AL,675,676,23.0,23.68,21.65,48
HTS,"Ashland, WV",WV,20,20,25.0,15.0,9.65,0
HYS,"Hays, KS",KS,61,61,27.78,35.19,21.74,7
IAD,"Washington, DC",VA,3988,3988,18.4,20.25,14.9,282
IAG,"Niagara Falls, NY",NY,38,38,25.71,8.57,26.23,2
IAH,"Houston, TX",TX,8933,8939,25.46,23.7,23.01,562
ICT,"Wichita, KS",KS,748,749,18.9,26.13,19.86,20
IDA,"Idaho Falls, ID",ID,228,227,16.44,18.92,25.27,3
ILM,"Wilmington, NC",NC,500,500,17.36,22.95,15.56,15
IMT,"Iron Mountain/Kingsfd, MI",MI,61,61,35.0,31.03,57.57,1
IND,"Indianapolis, IN",IN,3552,3552,18.99,24.54,14.4,90
INL,"International Falls, MN",MN,51,51,10.0,14.0,7.08,1
ISP,"Islip, NY",NY,479,479,22.17,27.14,17.6,9
ITH,"Ithaca/Cortland, NY",NY,62,62,12.28,21.05,20.3,5
ITO,"Hilo, HI",HI,597,597,16.41,25.55,8.01,6
JAC,"Jackson, WY",WY,556,556,25.5,22.55,24.89,9
JAN,"Jackson/Vicksburg, MS",MS,526,529,16.8,24.52,16.45,12
JAX,"Jacksonville, FL",FL,2311,2310,19.85,26.6,16.25,44
JFK,"New York, NY",NY,9471,9467,21.36,22.56,17.0,278
JLN,"Joplin, MO",MO,51,51,20.0,15.91,39.47,6
JMS,"Jamestown, ND",ND,56,56,6.38,10.42,4.21,8
JNU,"Juneau, AK",AK,334,334,27.62,27.39,21.41,15
JST,"Johnstown, PA",PA,62,62,30.19,27.45,32.28,9
KOA,"Kona, HI",HI,1402,1402,17.77,26.45,15.04,73
KTN,"Ketchikan, AK",AK,182,182,21.69,25.44,14.99,12
LAN,"Lansing, MI",MI,103,103,28.42,45.74,39.04,8
LAR,"Laramie, WY",WY,52,52,8.7,15.56,5.35,6
LAS,"Las Vegas, NV",NV,14942,14943,22.11,22.52,14.11,374
LAW,"Lawton/Fort Sill, OK",OK,91,91,19.77,18.6,33.24,5
LAX,"Los Angeles, CA",CA,15228,15220,16.6,18.59,12.96,471
LBB,"Lubbock, TX",TX,477,477,21.62,24.89,21.53,19
LBE,"Latrobe, PA",PA,31,31,16.67,16.67,15.7,1
LBF,"North Platte, NE",NE,51,51,18.0,18.0,37.76,1
LBL,"Liberal, KS",KS,11,11,11.11,11.11,4.0,2
LCH,"Lake Charles, LA",LA,93,93,17.05,19.32,42.4,5
LCK,"Columbus, OH",OH,57,57,17.54,19.3,10.28,0
LEX,"Lexington, KY",KY,632,633,21.23,23.16,23.52,15
LFT,"Lafayette, LA",LA,217,216,26.0,32.66,30.39,16
LGA,"New York, NY",NY,12700,12718,21.17,22.7,17.99,582
LGB,"Long Beach, CA",CA,1487,1487,17.0,16.85,9.61,25
LIH,"Lihue, HI",HI,1323,1323,21.42,25.71,14.86,8
LIT,"Little Rock, AR",AR,900,900,23.57,27.13,20.1,26
LNK,"Lincoln, NE",NE,48,47,40.0,41.86,38.6,3
LRD,"Laredo, TX",TX,129,129,24.41,22.05,22.73,2
LSE,"La Crosse, WI",WI,6,6,60.0,20.0,34.2,1
LWS,"Lewiston, ID",ID,93,93,27.78,25.84,41.02,3
MAF,"Midland/Odessa, TX",TX,688,686,16.72,21.08,13.65,17
MBS,"Saginaw/Bay City/Midland, MI",MI,164,164,42.25,45.52,45.51,21
MCI,"Kansas City, MO",MO,3780,3781,23.56,25.36,18.7,184
MCO,"Orlando, FL",FL,14296,14304,27.22,28.8,20.02,418
MCW,"Mason City, IA",IA,52,52,30.95,27.91,35.19,8
MDT,"Harrisburg, PA",PA,363,363,17.66,22.1,20.04,11
MDW,"Chicago, IL",IL,5886,5882,26.52,22.44,17.7,491
MEI,"Meridian, MS",MS,52,52,15.22,19.15,10.09,6
MEM,"Memphis, TN",TN,1673,1673,20.41,24.78,18.54,62
MFE,"Mission/McAllen/Edinburg, TX",TX,285,286,19.57,24.55,27.43,9
MFR,"Medford, OR",OR,363,363,15.0,20.17,19.38,3
MGM,"Montgomery, AL",AL,189,189,28.42,25.14,29.67,6
MHK,"Manhattan/Ft. Riley, KS",KS,93,93,20.88,24.44,19.41,2
MHT,"Manchester, NH",NH,362,361,21.26,25.29,17.34,13
MIA,"Miami, FL",FL,10214,10210,30.71,30.76,22.2,258
MKE,"Milwaukee, WI",WI,2161,2159,22.8,26.16,24.88,145
MLB,"Melbourne, FL",FL,223,223,18.47,22.42,17.32,0
MLI,"Moline, IL",IL,346,346,28.43,24.67,36.09,46
MLU,"Monroe, LA",LA,155,155,27.7,23.65,28.34,7
MOB,"Mobile, AL",AL,192,192,19.15,23.94,19.9,3
MOT,"Minot, ND",ND,189,189,25.15,22.67,48.68,16
MQT,"Marquette, MI",MI,31,31,7.41,17.86,4.93,3
MRY,"Monterey, CA",CA,309,309,14.61,18.63,11.67,1
MSN,"Madison, WI",WI,836,838,24.18,27.02,28.79,41
MSO,"Missoula, MT",MT,242,242,25.89,24.32,35.78,17
MSP,"Minneapolis, MN",MN,9438,9431,18.43,18.74,16.84,175
MSY,"New Orleans, LA",LA,4065,4060,25.29,29.04,20.33,115
MTJ,"Montrose/Delta, CO",CO,376,376,23.12,26.08,19.98,4
MYR,"Myrtle Beach, SC",SC,780,780,15.6,20.34,13.49,11
OAJ,"Jacksonville/Camp Lejeune, NC",NC,71,71,11.59,11.59,28.87,1
OAK,"Oakland, CA",CA,3538,3539,19.59,19.25,10.51,61
OGG,"Kahului, HI",HI,2263,2261,19.55,20.99,11.64,96
OKC,"Oklahoma City, OK",OK,1732,1732,16.6,24.4,16.53,60
OMA,"Omaha, NE",NE,1904,1904,24.0,25.95,24.79,109
OME,"Nome, AK",AK,30,30,23.08,22.22,10.62,3
ONT,"Ontario, CA",CA,1888,1885,16.15,20.07,14.46,42
ORD,"Chicago, IL",IL,20321,20327,28.49,26.53,25.78,1420
ORF,"Norfolk, VA",VA,1482,1483,16.46,24.62,15.01,32
ORH,"Worcester, MA",MA,101,101,23.91,16.48,22.79,9
OTH,"North Bend/Coos Bay, OR",OR,17,17,18.75,14.29,19.06,1
OTZ,"Kotzebue, AK",AK,30,30,11.54,15.38,7.08,4
PAE,"Everett, WA",WA,112,114,17.11,33.72,7.58,26
PBG,"Plattsburgh, NY",NY,40,40,35.0,27.5,35.18,0
PBI,"West Palm Beach/Palm Beach, FL",FL,2909,2908,26.06,28.4,23.18,106
PDX,"Portland, OR",OR,4275,4288,21.93,24.86,18.82,394
PGD,"Punta Gorda, FL",FL,540,540,23.86,32.57,17.02,8
PHL,"Philadelphia, PA",PA,6943,6939,22.52,25.48,20.23,183
PHX,"Phoenix, AZ",AZ,15378,15367,20.48,21.38,14.55,315
PIA,"Peoria, IL",IL,284,284,30.4,27.42,31.56,33
PIB,"Hattiesburg/Laurel, MS",MS,52,52,14.58,14.29,15.42,3
PIE,"St. Petersburg, FL",FL,580,580,18.64,24.7,17.52,5
PIH,"Pocatello, ID",ID,62,62,6.45,9.68,4.4,0
PIT,"Pittsburgh, PA",PA,3250,3250,15.55,23.66,14.05,75
PLN,"Pellston, MI",MI,52,51,32.5,37.5,59.93,12
PNS,"Pensacola, FL",FL,857,857,20.76,24.91,19.78,16
PPG,"Pago Pago, TT",TT,10,10,20.0,30.0,8.3,0
PRC,"Prescott, AZ",AZ,62,62,16.39,12.9,18.41,0
PSC,"Pasco/Kennewick/Richland, WA",WA,371,370,25.21,29.01,28.87,10
PSE,"Ponce, PR",PR,92,92,17.58,17.39,22.02,1
PSG,"Petersburg, AK",AK,60,60,21.43,26.32,10.61,3
PSM,"Portsmouth, NH",NH,23,23,34.78,13.04,57.48,0
PSP,"Palm Springs, CA",CA,1431,1432,17.64,22.08,13.46,58
PVD,"Providence, RI",RI,968,964,22.86,25.93,20.79,42
PVU,"Provo, UT",UT,166,166,16.46,26.71,15.14,2
PWM,"Portland, ME",ME,599,599,19.78,26.44,26.56,42
RAP,"Rapid City, SD",SD,295,295,17.71,19.31,19.78,6
RDD,"Redding, CA",CA,93,93,9.68,12.9,12.3,0
RDM,"Bend/Redmond, OR",OR,490,491,26.7,26.94,49.15,47
RDU,"Raleigh/Durham, NC",NC,4490,4493,19.7,25.87,17.22,118
RFD,"Rockford, IL",IL,65,65,15.38,4.62,25.14,0
RHI,"Rhinelander, WI",WI,61,61,15.0,23.33,11.95,1
RIC,"Richmond, VA",VA,1332,1330,19.31,25.42,19.52,19
RIW,"Riverton/Lander, WY",WY,39,39,8.11,13.51,16.24,2
RKS,"Rock Springs, WY",WY,39,39,7.89,7.89,10.32,1
RNO,"Reno, NV",NV,1545,1545,18.79,21.52,15.66,22
ROA,"Roanoke, VA",VA,256,257,24.9,26.75,31.17,15
ROC,"Rochester, NY",NY,956,958,22.99,28.18,20.3,43
ROW,"Roswell, NM",NM,62,62,22.03,22.03,33.31,3
RST,"Rochester, MN",MN,89,88,13.1,22.89,15.71,5
RSW,"Fort Myers, FL",FL,3839,3842,23.53,29.72,18.63,148
SAF,"Santa Fe, NM",NM,124,124,12.3,16.39,10.2,2
SAN,"San Diego, CA",CA,7075,7074,17.61,19.85,12.43,353
SAT,"San Antonio, TX",TX,3282,3285,18.28,26.05,14.89,100
SAV,"Savannah, GA",GA,1333,1336,18.39,24.44,19.97,24
SBA,"Santa Barbara, CA",CA,543,543,16.57,23.61,14.04,5
SBN,"South Bend, IN",IN,507,508,32.9,31.02,37.97,47
SBP,"San Luis Obispo, CA",CA,351,351,16.29,20.34,15.23,1
SCC,"Deadhorse, AK",AK,46,46,15.0,27.5,12.88,6
SCE,"State College, PA",PA,23,22,15.0,15.79,5.5,3
SCK,"Stockton, CA",CA,39,39,33.33,23.68,22.74,0
SDF,"Louisville, KY",KY,1755,1754,19.54,23.53,19.52,37
SEA,"Seattle, WA",WA,11751,11757,25.83,22.6,18.82,965
SFB,"Sanford, FL",FL,744,744,18.74,24.86,14.01,10
SFO,"San Francisco, CA",CA,10133,10128,21.75,26.61,16.78,574
SGF,"Springfield, MO",MO,605,606,28.22,30.23,38.38,31
SGU,"St. George, UT",UT,207,207,11.59,12.62,8.41,0
SHR,"Sheridan, WY",WY,61,61,16.07,12.07,20.96,5
SHV,"Shreveport, LA",LA,307,307,18.57,21.2,30.13,26
SIT,"Sitka, AK",AK,92,92,22.09,34.88,13.86,6
SJC,"San Jose, CA",CA,3832,3834,15.96,18.98,9.58,74
SJT,"San Angelo, TX",TX,93,93,27.47,30.34,37.04,2
SJU,"San Juan, PR",PR,3027,3018,27.44,29.24,23.61,28
SLC,"Salt Lake City, UT",UT,9459,9455,20.42,20.22,16.99,103
SLN,"Salina, KS",KS,61,61,22.22,29.63,20.31,7
SMF,"Sacramento, CA",CA,4144,4144,16.6,20.93,10.96,57
SMX,"Santa Maria, CA",CA,9,9,33.33,22.22,69.67,0
SNA,"Santa Ana, CA",CA,3642,3642,17.63,18.18,13.68,39
SPI,"Springfield, IL",IL,12,12,58.33,41.67,33.25,0
SPN,"Saipan, TT",TT,31,31,3.23,0.0,1.1,0
SPS,"Wichita Falls, TX",TX,62,62,29.82,25.0,33.75,5
SRQ,"Sarasota/Bradenton, FL",FL,1585,1585,23.83,26.63,22.84,35
STC,"St. Cloud, MN",MN,18,19,27.78,22.22,71.61,0
STL,"St. Louis, MO",MO,4935,4935,25.08,23.27,17.76,224
STS,"Santa Rosa, CA",CA,250,250,20.33,25.51,14.41,4
STT,"Charlotte Amalie, VI",VI,553,553,18.11,18.63,17.39,2
STX,"Christiansted, VI",VI,146,146,25.52,22.6,35.68,0
SUN,"Sun Valley/Hailey/Ketchum, ID",ID,264,264,18.53,19.69,35.01,5
SUX,"Sioux City, IA",IA,61,61,25.93,14.55,30.87,7
SWF,"Newburgh/Poughkeepsie, NY",NY,30,30,20.0,10.0,51.53,0
SWO,"Stillwater, OK",OK,62,62,14.04,10.53,29.91,5
SYR,"Syracuse, NY",NY,1071,1073,16.63,24.95,14.88,30
TLH,"Tallahassee, FL",FL,480,480,17.58,23.52,11.13,7
TOL,"Toledo, OH",OH,38,38,23.68,18.42,10.0,0
TPA,"Tampa, FL",FL,6822,6823,21.48,26.98,16.2,214
TRI,"Bristol/Johnson City/Kingsport, TN",TN,192,191,19.79,22.99,17.39,5
TTN,"Trenton, NJ",NJ,245,246,20.8,20.43,15.29,18
TUL,"Tulsa, OK",OK,1218,1219,17.31,24.98,16.86,33
TUS,"Tucson, AZ",AZ,1582,1584,16.46,21.9,14.38,14
TVC,"Traverse City, MI",MI,211,211,34.9,39.69,48.48,19
TWF,"Twin Falls, ID",ID,62,62,6.67,10.0,5.55,2
TXK,"Texarkana, AR",AR,69,69,14.29,17.46,21.87,6
TYR,"Tyler, TX",TX,93,93,21.18,21.18,34.73,8
TYS,"Knoxville, TN",TN,1117,1119,21.7,28.24,24.97,70
USA,"Concord, NC",NC,68,68,20.59,17.65,9.46,0
VCT,"Victoria, TX",TX,53,53,14.0,12.0,34.32,3
VEL,"Vernal, UT",UT,52,52,9.62,15.69,28.37,0
VLD,"Valdosta, GA",GA,62,62,11.48,19.67,11.62,0
VPS,"Valparaiso, FL",FL,553,553,16.91,21.88,22.74,7
WRG,"Wrangell, AK",AK,60,60,22.81,22.81,11.81,3
XNA,"Fayetteville, AR",AR,979,977,23.83,25.13,24.49,33
XWA,"Williston, ND",ND,149,149,25.53,26.43,31.61,8
YAK,"Yakutat, AK",AK,60,60,24.07,29.63,13.96,4
YUM,"Yuma, AZ",AZ,111,111,15.32,23.42,15.74,0
